name,basePrice,costPrice,category
Ultra Wireless Noise-Cancelling Headphones,4999,2500,Electronics
Ergonomic Mesh Office Chair,8500,4200,Furniture
Mechanical RGB Gaming Keyboard,3499,1600,Electronics
Smart Fitness Watch Pro,2999,1400,Wearables
Stainless Steel Insulated Water Bottle,799,320,Accessories
4K Ultra HD Webcam with Microphone,3999,1850,Electronics
Portable Fast Charger Power Bank 20000mAh,1899,850,Electronics
Premium Cloud Storage 1TB Annual Plan,2400,600,Services
Organic Arabica Dark Roast Coffee Beans 1kg,1200,550,Consumables
True Wireless Bluetooth Earbuds,1999,800,Electronics
